﻿pos_x,pos_y,rotation,side,designator,mpn,pack,footprint,value,mount_type
223.0,-83.0,90.0,top,C1,,,C_0402_1005Metric,100nf,smt
218.0,-106.32,90.0,top,C10,,,C_0402_1005Metric,100nf,smt
217.017074,-106.316509,90.0,top,C11,,,C_0402_1005Metric,100nf,smt
214.298202,-105.825,90.0,top,C12,,,C_0603_1608Metric,10uf,smt
215.8,-105.825,90.0,top,C13,,,C_0603_1608Metric,1uf,smt
303.59,-81.22,0.0,top,C14,,,C_0402_1005Metric,100nf,smt
215.5,-138.0,0.0,bottom,C14,,,C_0402_1005Metric,100nf,smt
216.75,-120.77,90.0,bottom,C14,,,C_0402_1005Metric,100nf,smt
202.0,-120.75,-90.0,bottom,C14,,,C_0402_1005Metric,100nf,smt
202.0,-125.48,-90.0,bottom,C14,,,C_0402_1005Metric,100nf,smt
216.75,-124.52,90.0,bottom,C14,,,C_0402_1005Metric,100nf,smt
216.75,-115.056904,90.0,bottom,C14,,,C_0402_1005Metric,100nf,smt
216.75,-117.75,-90.0,bottom,C14,,,C_0402_1005Metric,100nf,smt
304.16,-78.98,0.0,top,C15,,,C_0603_1608Metric,2.2uf,smt
215.775,-139.25,0.0,bottom,C15,,,C_0603_1608Metric,2.2uf,smt
200.25,-123.0,0.0,bottom,C15,,,C_0603_1608Metric,2.2uf,smt
218.0,-124.04,90.0,bottom,C15,,,C_0603_1608Metric,2.2uf,smt
218.0,-115.725,90.0,bottom,C15,,,C_0603_1608Metric,2.2uf,smt
205.48,-88.0,180.0,bottom,C16,,,C_0402_1005Metric,100nf,smt
196.07,-91.5,180.0,bottom,C17,,,C_0402_1005Metric,100nf,smt
212.7,-100.473931,0.0,top,C18,,,C_0603_1608Metric,10uf,smt
298.72,-82.65,0.0,top,C19,,,C_0402_1005Metric,100nf,smt
1.505,-0.755,0.0,top,C2,,,C_0603_1608Metric,2.2uf,smt
200.524107,-113.598661,-90.0,bottom,C20,,,C_0603_1608Metric,2.2uf,smt
196.0,-89.5,-90.0,bottom,C21,,,C_0603_1608Metric,2.2uf,smt
241.25,-89.75,90.0,top,C22,,,C_0402_1005Metric,2.2uf,smt
242.25,-89.75,90.0,top,C23,,,C_0402_1005Metric,2.2uf,smt
240.27,-91.5,0.0,top,C24,,,C_0402_1005Metric,2.2uf,smt
243.25,-89.75,-90.0,top,C25,,,C_0402_1005Metric,47nf,smt
249.25,-89.25,180.0,top,C26,,,C_0402_1005Metric,10uf,smt
232.96,-85.225,-90.0,bottom,C28,,,C_0603_1608Metric,10uf,smt
246.73,-110.49,90.0,bottom,C29,,,C_0402_1005Metric,100nf,smt
212.7,-101.98568,0.0,top,C3,,,C_0603_1608Metric,4.7uf,smt
229.46,-85.725,-90.0,bottom,C30,,,C_0603_1608Metric,22uf,smt
241.74,-82.75,0.0,top,C32,,,C_0402_1005Metric,100nf,smt
275.8275,-74.68,90.0,top,C33,,,C_0402_1005Metric,100nf,smt
298.72,-84.62,0.0,top,C36,,,C_0402_1005Metric,100nf,smt
247.22,-112.8,0.0,bottom,C37,,,C_0402_1005Metric,100nf,smt
205.25,-100.25,90.0,top,C38,,,C_0402_1005Metric,100nf,smt
246.6,-107.0,-90.0,bottom,C39,,,C_0402_1005Metric,100nf,smt
212.708748,-103.5,0.0,top,C4,,,C_0603_1608Metric,1uf,smt
215.5,-81.5,0.0,bottom,C40,,,C_0402_1005Metric,100nf,smt
217.0,-112.5,0.0,bottom,C41,,,C_0402_1005Metric,100nf,smt
300.77,-105.0,180.0,bottom,C42,,,C_0402_1005Metric,100nf,smt
298.72,-86.59,0.0,top,C43,,,C_0402_1005Metric,100nf,smt
247.22,-113.8,0.0,bottom,C44,,,C_0402_1005Metric,100nf,smt
298.72,-88.56,0.0,top,C45,,,C_0402_1005Metric,100nf,smt
243.9,-109.22,90.0,bottom,C46,,,C_0402_1005Metric,100nf,smt
212.92,-82.8,0.0,bottom,C47,,,C_0402_1005Metric,100nf,smt
304.0,-89.02,-90.0,bottom,C48,,,C_0402_1005Metric,100nf,smt
298.72,-90.53,0.0,top,C49,,,C_0402_1005Metric,100nf,smt
298.72,-78.71,0.0,top,C5,,,C_0402_1005Metric,100nf,smt
298.72,-92.5,0.0,top,C50,,,C_0402_1005Metric,100nf,smt
270.02,-92.0,0.0,top,C51,,,C_0402_1005Metric,100nf,smt
298.72,-80.68,0.0,top,C6,,,C_0402_1005Metric,100nf,smt
0.935,-2.995,0.0,top,C7,,,C_0402_1005Metric,100nf,smt
229.525,-106.5,0.0,bottom,C8,,,C_0603_1608Metric,2.2uf,smt
229.23,-105.25,0.0,bottom,C9,,,C_0402_1005Metric,100nf,smt
220.6,-87.0,-90.0,bottom,D1,,,LED_0603_1608Metric,~,smt
294.95,-105.78,180.0,bottom,D2,,,LED_0603_1608Metric,~,smt
271.75,-100.2875,90.0,bottom,D3,,,LED_0603_1608Metric,LED,smt
270.5,-70.83,90.0,top,D4,,,D_SOD-923,5v,smt
270.5,-68.33,-90.0,top,D5,,,D_SOD-923,5v,smt
198.4,-79.18,-90.0,bottom,D6,,,D_SOD-923,5v,smt
212.8,-105.8,90.0,top,FB1,,,L_0603_1608Metric,600Ω @ 100 MHz,smt
272.115,-90.58,0.0,bottom,J2,,,PinHeader_1x05_P2.54mm_Horizontal,Conn_01x05_Pin,tht
272.5,-94.46,0.0,top,J3,,,PinHeader_1x02_P2.54mm_Horizontal,Conn_01x02_Pin,tht
274.7125,-69.2,90.0,top,J4,,,USB_Micro-B_Molex-105017-0001,USB_B_Micro,smt
245.9375,-89.5,0.0,top,L2,,,L_0805_2012Metric,1uH,smt
240.25,-86.0,180.0,top,Q2,FS8205A,,FS8205A,FS8205A,smt
218.51,-91.75,0.0,top,R1,,,R_0402_1005Metric,10k,smt
245.71,-110.49,-90.0,bottom,R10,,,R_0402_1005Metric,10k,smt
221.5,-84.51,-90.0,top,R11,,,R_0402_1005Metric,10k,smt
221.387892,-96.0,0.0,bottom,R12,,,R_0201_0603Metric,33 1%,smt
211.5,-93.01,90.0,top,R13,,,R_0402_1005Metric,10k,smt
221.41,-96.8,0.0,bottom,R14,,,R_0201_0603Metric,33 1%,smt
221.435,-97.6,0.0,bottom,R15,,,R_0201_0603Metric,33 1%,smt
221.455,-98.4,0.0,bottom,R16,,,R_0201_0603Metric,33 1%,smt
221.435,-99.2,0.0,bottom,R17,,,R_0201_0603Metric,33 1%,smt
211.0,-112.855,-90.0,bottom,R18,,,R_0201_0603Metric,33 1%,smt
210.0,-112.855,-90.0,bottom,R19,,,R_0201_0603Metric,33 1%,smt
251.0,-82.24,-90.0,bottom,R2,,,R_0402_1005Metric,10k,smt
209.2,-112.855,-90.0,bottom,R20,,,R_0201_0603Metric,33 1%,smt
208.4,-112.83,-90.0,bottom,R21,,,R_0201_0603Metric,33 1%,smt
207.6,-112.83,-90.0,bottom,R22,,,R_0201_0603Metric,33 1%,smt
206.8,-112.81,-90.0,bottom,R23,,,R_0201_0603Metric,33 1%,smt
221.2,-104.9,0.0,bottom,R24,,,R_0201_0603Metric,33 1%,smt
240.24,-92.5,180.0,top,R25,,,R_0402_1005Metric,27 1%,smt
240.25,-94.5,180.0,top,R26,,,R_0402_1005Metric,470 1%,smt
240.25,-93.5,180.0,top,R27,,,R_0402_1005Metric,1k,smt
247.25,-92.26,-90.0,top,R28,,,R_0402_1005Metric,4.527k 1%,smt
247.25,-94.75,-90.0,top,R29,,,R_0402_1005Metric,23.26k 1%,smt
269.5,-83.49,-90.0,bottom,R3,,,R_0402_1005Metric,10k,smt
221.18,-105.7,0.0,bottom,R30,,,R_0201_0603Metric,33 1%,smt
241.74,-83.75,180.0,top,R31,,,R_0402_1005Metric,100,smt
239.0,-83.25,-90.0,top,R32,,,R_0402_1005Metric,1k,smt
196.233978,-99.1,180.0,bottom,R33,,,R_0201_0603Metric,33 1%,smt
215.75,-87.75,90.0,bottom,R34,,,R_0201_0603Metric,33 1%,smt
216.5,-87.75,90.0,bottom,R35,,,R_0201_0603Metric,33 1%,smt
221.2,-104.1,0.0,bottom,R36,,,R_0201_0603Metric,33 1%,smt
211.5,-87.9,90.0,bottom,R37,,,R_0201_0603Metric,33 1%,smt
211.8,-112.845,-90.0,bottom,R38,,,R_0201_0603Metric,33 1%,smt
196.255,-101.3,180.0,bottom,R39,,,R_0201_0603Metric,33 1%,smt
269.25,-89.26,90.0,bottom,R4,,,R_0402_1005Metric,10k,smt
196.22,-100.5,180.0,bottom,R40,,,R_0201_0603Metric,33 1%,smt
194.928341,-85.410976,-90.0,bottom,R41,,,R_0201_0603Metric,50 1%,smt
221.49,-102.25,0.0,bottom,R5,,,R_0402_1005Metric,33,smt
298.35,-105.29,-90.0,bottom,R6,,,R_0402_1005Metric,10k,smt
295.1375,-103.67,-90.0,bottom,R7,,,R_0402_1005Metric,20k,smt
221.435,-95.2,0.0,bottom,R8,,,R_0201_0603Metric,33 1%,smt
228.26,-95.5,0.0,bottom,R9,,,R_0402_1005Metric,10k,smt
203.75,-148.35,0.0,top,SW1,,,SW_SPST_TL3342,SW_Push,smt
203.75,-220.05,0.0,top,SW10,,,SW_SPST_TL3342,SW_Push,smt
217.65,-228.35,0.0,top,SW11,,,SW_SPST_TL3342,SW_Push,smt
217.6,-148.2,0.0,top,SW12,,,SW_SPST_TL3342,SW_Push,smt
217.6,-157.25,0.0,top,SW13,,,SW_SPST_TL3342,SW_Push,smt
217.6,-166.1,0.0,top,SW14,,,SW_SPST_TL3342,SW_Push,smt
217.6,-175.15,0.0,top,SW15,,,SW_SPST_TL3342,SW_Push,smt
217.6,-184.0,0.0,top,SW16,,,SW_SPST_TL3342,SW_Push,smt
217.6,-192.75,0.0,top,SW17,,,SW_SPST_TL3342,SW_Push,smt
217.6,-201.8,0.0,top,SW18,,,SW_SPST_TL3342,SW_Push,smt
217.6,-210.85,0.0,top,SW19,,,SW_SPST_TL3342,SW_Push,smt
226.5,-87.0,180.0,top,SW2,,,SW_SPST_TL3342,SW_Push,smt
217.6,-219.9,0.0,top,SW20,,,SW_SPST_TL3342,SW_Push,smt
258.35,-229.1,0.0,top,SW21,,,SW_SPST_TL3342,SW_Push,smt
231.1,-148.35,0.0,top,SW22,,,SW_SPST_TL3342,SW_Push,smt
231.1,-157.05,0.0,top,SW23,,,SW_SPST_TL3342,SW_Push,smt
231.1,-165.9,0.0,top,SW24,,,SW_SPST_TL3342,SW_Push,smt
231.1,-174.95,0.0,top,SW25,,,SW_SPST_TL3342,SW_Push,smt
231.1,-183.8,0.0,top,SW26,,,SW_SPST_TL3342,SW_Push,smt
231.1,-192.55,0.0,top,SW27,,,SW_SPST_TL3342,SW_Push,smt
231.1,-201.6,0.0,top,SW28,,,SW_SPST_TL3342,SW_Push,smt
231.1,-210.65,0.0,top,SW29,,,SW_SPST_TL3342,SW_Push,smt
203.75,-157.4,0.0,top,SW3,,,SW_SPST_TL3342,SW_Push,smt
231.1,-219.7,0.0,top,SW30,,,SW_SPST_TL3342,SW_Push,smt
231.1,-228.75,0.0,top,SW31,,,SW_SPST_TL3342,SW_Push,smt
244.6,-147.95,0.0,top,SW32,,,SW_SPST_TL3342,SW_Push,smt
244.6,-157.0,0.0,top,SW33,,,SW_SPST_TL3342,SW_Push,smt
244.6,-165.85,0.0,top,SW34,,,SW_SPST_TL3342,SW_Push,smt
244.6,-174.9,0.0,top,SW35,,,SW_SPST_TL3342,SW_Push,smt
244.6,-183.75,0.0,top,SW36,,,SW_SPST_TL3342,SW_Push,smt
244.6,-192.5,0.0,top,SW37,,,SW_SPST_TL3342,SW_Push,smt
244.6,-201.55,0.0,top,SW38,,,SW_SPST_TL3342,SW_Push,smt
244.6,-210.6,0.0,top,SW39,,,SW_SPST_TL3342,SW_Push,smt
203.75,-166.25,0.0,top,SW4,,,SW_SPST_TL3342,SW_Push,smt
244.6,-219.65,0.0,top,SW40,,,SW_SPST_TL3342,SW_Push,smt
244.6,-228.7,0.0,top,SW41,,,SW_SPST_TL3342,SW_Push,smt
257.75,-148.05,0.0,top,SW42,,,SW_SPST_TL3342,SW_Push,smt
257.75,-157.1,0.0,top,SW43,,,SW_SPST_TL3342,SW_Push,smt
257.75,-165.95,0.0,top,SW44,,,SW_SPST_TL3342,SW_Push,smt
257.75,-175.0,0.0,top,SW45,,,SW_SPST_TL3342,SW_Push,smt
257.75,-183.85,0.0,top,SW46,,,SW_SPST_TL3342,SW_Push,smt
257.75,-192.6,0.0,top,SW47,,,SW_SPST_TL3342,SW_Push,smt
257.75,-201.65,0.0,top,SW48,,,SW_SPST_TL3342,SW_Push,smt
257.75,-210.7,0.0,top,SW49,,,SW_SPST_TL3342,SW_Push,smt
203.75,-175.3,0.0,top,SW5,,,SW_SPST_TL3342,SW_Push,smt
257.75,-219.75,0.0,top,SW50,,,SW_SPST_TL3342,SW_Push,smt
258.35,-120.1,0.0,top,SW51,,,SW_SPST_TL3342,SW_Push,smt
203.75,-228.5,0.0,top,SW52,,,SW_SPST_TL3342,SW_Push,smt
203.75,-184.15,0.0,top,SW6,,,SW_SPST_TL3342,SW_Push,smt
203.75,-192.9,0.0,top,SW7,,,SW_SPST_TL3342,SW_Push,smt
203.75,-201.95,0.0,top,SW8,,,SW_SPST_TL3342,SW_Push,smt
203.75,-211.0,0.0,top,SW9,,,SW_SPST_TL3342,SW_Push,smt
273.845,-100.0,0.0,top,TH2,,,R_Axial_DIN0204_L3.6mm_D1.6mm_P1.90mm_Vertical,103AT,tht
208.71,-100.32,180.0,bottom,U1,,LQFP-144 STMicroelectronics,STM32F746ZGT6,STM32F746ZGT6,smt
240.25,-79.8875,-90.0,top,U10,,,SOT-23-6,DW01A,smt
243.17,-92.83,0.0,top,U2,,,BQ25306RTER,BQ25302RTER,smt
200.5425,-45.34,0.0,top,U3,,,CR2013-MI2120,CR2013-MI2120,tht
231.325,-101.35,-90.0,bottom,U4,,,WSON-8-1EP_6x5mm_P1.27mm_EP3.4x4.3mm,W25Q128JVP,smt
209.4,-126.0,180.0,bottom,U6,,,TSOP-II-54_22.2x10.16mm_P0.8mm,W9812G6KH-5,smt
227.775476,-80.5,180.0,bottom,U8,,,SOT-223-3_TabPin2,AMS1117-3.3,smt
212.175,-96.05,-90.0,top,Y1,,,Oscillator_SMD_Abracon_ASE-4Pin_3.2x2.5mm,ASE-8000MHz,smt
