﻿Designator,Quantity,Value,Footprint,Package,MPN,DNP,Mount_Type,Description,Sim.Pins,Height,Manufacturer_Name,E1_MIN,B_NOM,D1_NOM,E1_NOM,Check_prices,B_MAX,Description_1,Price,ENOM,D_NOM,D_MAX,L_MAX,A_MAX,D1_MAX,D1_MIN,E2_NOM,STANDARD,PARTREV,SnapEDA_Link,E_NOM,B_MIN,D2_NOM,L_NOM,MANUFACTURER,MF,MAXIMUM_PACKAGE_HEIGHT,A1_MIN,E1_MAX,PIN_COUNT_E,PIN_COUNT_D,E_MIN,D_MIN,MP,L_MIN,Availability,E_MAX
"C1, C10, C11, C14, C14, C14, C14, C14, C14, C14, C14, C16, C17, C19, C29, C32, C33, C36, C37, C38, C39, C40, C41, C42, C43, C44, C45, C46, C47, C48, C49, C5, C50, C51, C6, C7, C9",37,100nf,C_0402_1005Metric,,,,smt,Unpolarized capacitor,,,,,,,,,,,,,,,,,,,,,,,,,,,,,,,,,,,,,,,
"C12, C18, C28",3,10uf,C_0603_1608Metric,,,,smt,Unpolarized capacitor,,,,,,,,,,,,,,,,,,,,,,,,,,,,,,,,,,,,,,,
"C13, C4",2,1uf,C_0603_1608Metric,,,,smt,Unpolarized capacitor,,,,,,,,,,,,,,,,,,,,,,,,,,,,,,,,,,,,,,,
"C15, C15, C15, C15, C15, C2, C20, C21, C8",9,2.2uf,C_0603_1608Metric,,,,smt,Unpolarized capacitor,,,,,,,,,,,,,,,,,,,,,,,,,,,,,,,,,,,,,,,
"C22, C23, C24",3,2.2uf,C_0402_1005Metric,,,,smt,Unpolarized capacitor,,,,,,,,,,,,,,,,,,,,,,,,,,,,,,,,,,,,,,,
C25,1,47nf,C_0402_1005Metric,,,,smt,Unpolarized capacitor,,,,,,,,,,,,,,,,,,,,,,,,,,,,,,,,,,,,,,,
C26,1,10uf,C_0402_1005Metric,,,,smt,Unpolarized capacitor,,,,,,,,,,,,,,,,,,,,,,,,,,,,,,,,,,,,,,,
C3,1,4.7uf,C_0603_1608Metric,,,,smt,Unpolarized capacitor,,,,,,,,,,,,,,,,,,,,,,,,,,,,,,,,,,,,,,,
C30,1,22uf,C_0603_1608Metric,,,,smt,Unpolarized capacitor,,,,,,,,,,,,,,,,,,,,,,,,,,,,,,,,,,,,,,,
"D1, D2",2,~,LED_0603_1608Metric,,,,smt,,,,,,,,,,,,,,,,,,,,,,,,,,,,,,,,,,,,,,,,
D3,1,LED,LED_0603_1608Metric,,,,smt,GREEN Light emitting diode,1=K 2=A,,,,,,,,,,,,,,,,,,,,,,,,,,,,,,,,,,,,,,
"D4, D5, D6",3,5v,D_SOD-923,,,,smt,"ESD protection diode, 5.0Vrwm, SOD-923",,,,,,,,,,,,,,,,,,,,,,,,,,,,,,,,,,,,,,,
FB1,1,600Ω @ 100 MHz,L_0603_1608Metric,,,,smt,Ferrite bead,,,,,,,,,,,,,,,,,,,,,,,,,,,,,,,,,,,,,,,
J2,1,Conn_01x05_Pin,PinHeader_1x05_P2.54mm_Horizontal,,,,tht,"Generic connector, single row, 01x05, script generated",,,,,,,,,,,,,,,,,,,,,,,,,,,,,,,,,,,,,,,
J3,1,Conn_01x02_Pin,PinHeader_1x02_P2.54mm_Horizontal,,,,tht,"Generic connector, single row, 01x02, script generated",,,,,,,,,,,,,,,,,,,,,,,,,,,,,,,,,,,,,,,
J4,1,USB_B_Micro,USB_Micro-B_Molex-105017-0001,,,,smt,USB Micro Type B connector,,,,,,,,,,,,,,,,,,,,,,,,,,,,,,,,,,,,,,,
L2,1,1uH,L_0805_2012Metric,,,,smt,Inductor,,,,,,,,,,,,,,,,,,,,,,,,,,,,,,,,,,,,,,,
Q2,1,FS8205A,FS8205A,,FS8205A,,smt,lyufdouk;gofyuv,,1.2,FSC,,,,,,,,,,,,,,,,,,,,,,,,,,,,,,,,,,,,
"R1, R10, R11, R13, R2, R3, R4, R6, R9",9,10k,R_0402_1005Metric,,,,smt,Resistor,,,,,,,,,,,,,,,,,,,,,,,,,,,,,,,,,,,,,,,
"R12, R14, R15, R16, R17, R18, R19, R20, R21, R22, R23, R24, R30, R33, R34, R35, R36, R37, R38, R39, R40, R8",22,33 1%,R_0201_0603Metric,,,,smt,Resistor,,,,,,,,,,,,,,,,,,,,,,,,,,,,,,,,,,,,,,,
R25,1,27 1%,R_0402_1005Metric,,,,smt,Resistor,,,,,,,,,,,,,,,,,,,,,,,,,,,,,,,,,,,,,,,
R26,1,470 1%,R_0402_1005Metric,,,,smt,Resistor,,,,,,,,,,,,,,,,,,,,,,,,,,,,,,,,,,,,,,,
"R27, R32",2,1k,R_0402_1005Metric,,,,smt,Resistor,,,,,,,,,,,,,,,,,,,,,,,,,,,,,,,,,,,,,,,
R28,1,4.527k 1%,R_0402_1005Metric,,,,smt,Resistor,,,,,,,,,,,,,,,,,,,,,,,,,,,,,,,,,,,,,,,
R29,1,23.26k 1%,R_0402_1005Metric,,,,smt,Resistor,,,,,,,,,,,,,,,,,,,,,,,,,,,,,,,,,,,,,,,
R31,1,100,R_0402_1005Metric,,,,smt,Resistor,,,,,,,,,,,,,,,,,,,,,,,,,,,,,,,,,,,,,,,
R41,1,50 1%,R_0201_0603Metric,,,,smt,Resistor,,,,,,,,,,,,,,,,,,,,,,,,,,,,,,,,,,,,,,,
R5,1,33,R_0402_1005Metric,,,,smt,Resistor,,,,,,,,,,,,,,,,,,,,,,,,,,,,,,,,,,,,,,,
R7,1,20k,R_0402_1005Metric,,,,smt,Resistor,,,,,,,,,,,,,,,,,,,,,,,,,,,,,,,,,,,,,,,
"SW1, SW10, SW11, SW12, SW13, SW14, SW15, SW16, SW17, SW18, SW19, SW2, SW20, SW21, SW22, SW23, SW24, SW25, SW26, SW27, SW28, SW29, SW3, SW30, SW31, SW32, SW33, SW34, SW35, SW36, SW37, SW38, SW39, SW4, SW40, SW41, SW42, SW43, SW44, SW45, SW46, SW47, SW48, SW49, SW5, SW50, SW51, SW52, SW6, SW7, SW8, SW9",52,SW_Push,SW_SPST_TL3342,,,,smt,"Push button switch, generic, two pins",,,,,,,,,,,,,,,,,,,,,,,,,,,,,,,,,,,,,,,
TH2,1,103AT,R_Axial_DIN0204_L3.6mm_D1.6mm_P1.90mm_Vertical,,,,tht,"Temperature dependent resistor, negative temperature coefficient",,,,,,,,,,,,,,,,,,,,,,,,,,,,,,,,,,,,,,,
U1,1,STM32F746ZGT6,STM32F746ZGT6,LQFP-144 STMicroelectronics,,,smt,,,,,19.8,0.22,20.0,20.0,https://www.snapeda.com/parts/STM32F746ZGT6/STMicroelectronics/view-part/?ref=eda,0.27,ARM® Cortex®-M7 STM32F7 Microcontroller IC 32-Bit Single-Core 216MHz 1MB (1M x 8) FLASH 144-LQFP (20x20),None,0.5,22.0,22.2,0.75,1.6,20.2,19.8,0.0,IPC 7351B,4,https://www.snapeda.com/parts/STM32F746ZGT6/STMicroelectronics/view-part/?ref=snap,22.0,0.17,0.0,0.6,ST,STMicroelectronics,1.6mm,0.1,20.2,36.0,36.0,21.8,21.8,STM32F746ZGT6,0.45,In Stock,22.2
U10,1,DW01A,SOT-23-6,,,,smt,"Overcharge, overcurrent and overdischarge protection IC for single cell lithium-ion/polymer battery",,,,,,,,,,,,,,,,,,,,,,,,,,,,,,,,,,,,,,,
U2,1,BQ25302RTER,BQ25306RTER,,,,smt,,,,,,,,,,,,,,,,,,,,,,,,,,,,,,,,,,,,,,,,
U3,1,CR2013-MI2120,CR2013-MI2120,,,,tht,"ILI9341 controller, SPI TFT LCD Display, 9-pin breakout PCB, 4-pin SD card interface, 5V/3.3V",,,,,,,,,,,,,,,,,,,,,,,,,,,,,,,,,,,,,,,
U4,1,W25Q128JVP,WSON-8-1EP_6x5mm_P1.27mm_EP3.4x4.3mm,,,,smt,"128Mbit / 16MiB Serial Flash Memory, Standard/Dual/Quad SPI, 2.7-3.6V, WSON-8",,,,,,,,,,,,,,,,,,,,,,,,,,,,,,,,,,,,,,,
U6,1,W9812G6KH-5,TSOP-II-54_22.2x10.16mm_P0.8mm,,,,smt,"128Mb Synchronous DRAM, 2 Mb x 16 b x 4 Banks, 200 MHz, TSOP-II-54",,,,,,,,,,,,,,,,,,,,,,,,,,,,,,,,,,,,,,,
U8,1,AMS1117-3.3,SOT-223-3_TabPin2,,,,smt,"1A Low Dropout regulator, positive, 3.3V fixed output, SOT-223",,,,,,,,,,,,,,,,,,,,,,,,,,,,,,,,,,,,,,,
Y1,1,ASE-8000MHz,Oscillator_SMD_Abracon_ASE-4Pin_3.2x2.5mm,,,,smt,"3.3V CMOS SMD Crystal Clock Oscillator, Abracon",,,,,,,,,,,,,,,,,,,,,,,,,,,,,,,,,,,,,,,
